{"cameraMode":{"drawMode":0,"name":"Shaded","section":"Shading Mode"},"sceneLighting":true,"audioPlay":false,"sceneViewState":{"m_AlwaysRefresh":false,"showFog":true,"showSkybox":true,"showFlares":true,"showImageEffects":true,"showParticleSystems":true,"showVisualEffectGraphs":true,"m_FxEnabled":true},"in2DMode":false,"pivot":{"x":-3.7312216758728029,"y":59.886287689208987,"z":41.22470474243164},"rotation":{"x":-0.04175352677702904,"y":-0.9414872527122498,"z":0.12672768533229829,"w":-0.3099016547203064},"size":36.436710357666019,"orthographic":false}