{"cameraMode":{"drawMode":0,"name":"Shaded","section":"Shading Mode"},"sceneLighting":true,"audioPlay":false,"sceneViewState":{"m_AlwaysRefresh":false,"showFog":true,"showSkybox":true,"showFlares":true,"showImageEffects":true,"showParticleSystems":true,"showVisualEffectGraphs":true,"m_FxEnabled":true},"in2DMode":false,"pivot":{"x":14.279708862304688,"y":34.991180419921878,"z":43.065391540527347},"rotation":{"x":0.29547256231307986,"y":0.38266727328300478,"z":-0.13044898211956025,"w":0.8658365607261658},"size":2.098238945007324,"orthographic":false}